{
  "overall_metrics": {
    "accuracy": 0.9314592545799115,
    "precision": 0.92748833907988,
    "recall": 0.9314592545799115,
    "f1_score": 0.9283365871807385
  },
  "per_class_metrics": {
    "Negative": {
      "precision": 0.9343469246717346,
      "recall": 0.9595457771469127,
      "f1_score": 0.9467787114845938
    },
    "Neutral": {
      "precision": 0.6956521739130435,
      "recall": 0.47904191616766467,
      "f1_score": 0.5673758865248227
    },
    "Positive": {
      "precision": 0.9457605985037406,
      "recall": 0.9540880503144654,
      "f1_score": 0.949906073888541
    }
  },
  "confidence_stats": {
    "mean": 0.9848152995109558,
    "std": 0.05751405283808708,
    "min": 0.4309875965118408,
    "max": 0.9982800483703613
  },
  "confusion_matrix": [
    [
      1352,
      21,
      36
    ],
    [
      36,
      80,
      51
    ],
    [
      59,
      14,
      1517
    ]
  ],
  "test_set_size": 3166,
  "model_info": {
    "total_params": 135000579,
    "trainable_params": 135000579,
    "model_size_mb": 514.9863395690918
  }
}