{
  "train_loss": [
    0.3025,
    0.1961,
    0.1464,
    0.1132,
    0.0905
  ],
  "train_acc": [
    0.9044,
    0.9447,
    0.9625,
    0.9728,
    0.9787
  ],
  "train_f1": [
    0.9175,
    0.9491,
    0.9654,
    0.9748,
    0.9802
  ],
  "train_precision": [
    0.9425,
    0.9606,
    0.9734,
    0.9808,
    0.9846
  ],
  "train_recall": [
    0.9044,
    0.9447,
    0.9625,
    0.9728,
    0.9787
  ],
  "val_loss": [
    0.0,
    0.0,
    0.0,
    0.0,
    0.0
  ],
  "val_acc": [
    0.9393,
    0.9437,
    0.9444,
    0.9418,
    0.9405
  ],
  "val_f1": [
    0.9434,
    0.9457,
    0.9488,
    0.949,
    0.9434
  ],
  "val_precision": [
    0.9554,
    0.9549,
    0.9594,
    0.963,
    0.9525
  ],
  "val_recall": [
    0.9393,
    0.9437,
    0.9444,
    0.9418,
    0.9405
  ],
  "learning_rates": [
    1.9478571428571428e-05,
    1.8989285714285714e-05,
    1.85e-05,
    1.78e-05,
    1.6819999999999998e-05
  ],
  "steps": [],
  "epochs": []
}